id_str	tweet_url	created_at	text	lang	retweet_count	screen_name	hashtags	query	user_mention	url	media	in_reply_to_screen_name	in_reply_to_status_id
346351763877667000	https://twitter.com/stekosteko/status/346351763877666817	2013-06-16 19:41:10+00:00	Tomorrow: GOA ✈ CTA #archeofoss	en	0	stekosteko	archeofoss	#archeofoss					
346503521304211000	https://twitter.com/OpenTechne/status/346503521304211456	2013-06-17 05:44:11+00:00	In corso gli ultimi preparativi per il poster e per l'intervento all'#archeofoss 2013	it	0	OpenTechne	archeofoss	#archeofoss					
346541304064377000	https://twitter.com/FilippoStanco/status/346541304064376832	2013-06-17 08:14:19+00:00	ArcheoFOSS - Università di Catania - L'Agenda http://t.co/FgQKmmchCe #archeofoss	it	0	FilippoStanco	archeofoss	#archeofoss		http://www.agendabda.unict.it/8291-archeofoss.htm#.Ub7FSM2v0cg.twitter			
346646751014429000	https://twitter.com/Archeologi/status/346646751014428673	2013-06-17 15:13:20+00:00	"Ricordiamo che domani inizierà l'edizione 2013 di #archeofoss. 
Qui il programma:... http://t.co/3JJF8ZmWPe"	it	4	Archeologi	archeofoss	#archeofoss		http://fb.me/27WO2frEE			
346648159855968000	https://twitter.com/FilippoStanco/status/346648159855968256	2013-06-17 15:18:56+00:00	#archeofoss è tutto pronto, anche i pannelli per i poster sono al loro posto... http://t.co/3moWHvqoac	it	1	FilippoStanco	archeofoss	#archeofoss			https://pbs.twimg.com/media/BM-Kqi6CAAExrkQ.jpg		
346648569593340000	https://twitter.com/IlTuriCosta/status/346648569593339905	2013-06-17 15:20:34+00:00	"RT @Archeologi: Ricordiamo che domani inizierà l'edizione 2013 di #archeofoss. 
Qui il programma:... http://t.co/3JJF8ZmWPe"	it	4	IlTuriCosta	archeofoss	#archeofoss	Archeologi	http://fb.me/27WO2frEE			
346658372604531000	https://twitter.com/stekosteko/status/346658372604530688	2013-06-17 15:59:31+00:00	"RT @Archeologi: Ricordiamo che domani inizierà l'edizione 2013 di #archeofoss. 
Qui il programma:... http://t.co/3JJF8ZmWPe"	it	4	stekosteko	archeofoss	#archeofoss	Archeologi	http://fb.me/27WO2frEE			
346658533976191000	https://twitter.com/stekosteko/status/346658533976190976	2013-06-17 16:00:09+00:00	"""@FilippoStanco: #archeofoss è tutto pronto, anche i pannelli per i poster sono al loro posto... http://t.co/Nh1WBXwohH"" Bellissimo!"	it	0	stekosteko	archeofoss	#archeofoss	FilippoStanco		https://pbs.twimg.com/media/BM-Kqi6CAAExrkQ.jpg		
346659126966895000	https://twitter.com/Archeologi/status/346659126966894592	2013-06-17 16:02:31+00:00	RT @FilippoStanco: #archeofoss è tutto pronto, anche i pannelli per i poster sono al loro posto... http://t.co/3moWHvqoac	it	1	Archeologi	archeofoss	#archeofoss	FilippoStanco		https://pbs.twimg.com/media/BM-Kqi6CAAExrkQ.jpg		
346672017187164000	https://twitter.com/stekosteko/status/346672017187164161	2013-06-17 16:53:44+00:00	@aborruso riesci a venire ad #archeofoss?	it	0	stekosteko	archeofoss	#archeofoss	aborruso			aborruso	
346848616348004000	https://twitter.com/g_gattiglia/status/346848616348004352	2013-06-18 04:35:28+00:00	PSA - CTA in partenza per #archeofoss per parlare di #opendata in #archeologia per conto di @MappaProject	it	1	g_gattiglia	archeofoss	#archeofoss	MappaProject				
346867729871016000	https://twitter.com/OpenPompei/status/346867729871015936	2013-06-18 05:51:25+00:00	in viaggio verso #archeofoss	it	1	OpenPompei	archeofoss	#archeofoss					
346872355672433000	https://twitter.com/stekosteko/status/346872355672432640	2013-06-18 06:09:48+00:00	RT @g_gattiglia: PSA - CTA in partenza per #archeofoss per parlare di #opendata in #archeologia per conto di @MappaProject	it	1	stekosteko	archeofoss	#archeofoss	g_gattiglia				
346872995605778000	https://twitter.com/stekosteko/status/346872995605778432	2013-06-18 06:12:21+00:00	RT @OpenPompei: in viaggio verso #archeofoss	it	1	stekosteko	archeofoss	#archeofoss	OpenPompei				
346874029610775000	https://twitter.com/archeomatica/status/346874029610774528	2013-06-18 06:16:27+00:00	Free, Libre e Open Source Software e Open Format nei processi di ricerca archeologica #archeofoss http://t.co/kruT4BtM5u	it	0	archeomatica	archeofoss	#archeofoss		http://ow.ly/m8fqY			
346890404962111000	https://twitter.com/twanto/status/346890404962111488	2013-06-18 07:21:32+00:00	Oggi al via a #Catania #archeofoss  http://t.co/X47SOesOnq /via @aborruso	it	1	twanto	Catania	#archeofoss	aborruso	http://www.archeofoss.org/			
346896200844325000	https://twitter.com/zeridos89/status/346896200844324864	2013-06-18 07:44:34+00:00	@FilippoStanco #archeofoss http://t.co/dvoVBBcTgt	it	1	zeridos89	archeofoss	#archeofoss	FilippoStanco		https://pbs.twimg.com/media/BNBsQbmCMAEr4zL.jpg	FilippoStanco	
346904855253754000	https://twitter.com/stekosteko/status/346904855253753856	2013-06-18 08:18:57+00:00	RT @zeridos89: @FilippoStanco #archeofoss http://t.co/dvoVBBcTgt	it	1	stekosteko	archeofoss	#archeofoss	zeridos89		https://pbs.twimg.com/media/BNBsQbmCMAEr4zL.jpg		
346905728138744000	https://twitter.com/Gteronline/status/346905728138743808	2013-06-18 08:22:25+00:00	RT @twanto: Oggi al via a #Catania #archeofoss  http://t.co/X47SOesOnq /via @aborruso	it	1	Gteronline	Catania	#archeofoss	twanto	http://www.archeofoss.org/			
346906194444685000	https://twitter.com/archeomatica/status/346906194444685312	2013-06-18 08:24:16+00:00	Seguite #archeofoss per rimanere aggiornati sul convegno di oggi e domani a Catania http://t.co/kruT4BtM5u	it	0	archeomatica	archeofoss	#archeofoss		http://ow.ly/m8fqY			
346906546929799000	https://twitter.com/stekosteko/status/346906546929799168	2013-06-18 08:25:40+00:00	Inizia la prima sessione #archeofoss intervengono A. Scianna e colleghe su integrazione di GIS e 3D PDF	it	1	stekosteko	archeofoss	#archeofoss					
346906862026912000	https://twitter.com/g_gattiglia/status/346906862026911744	2013-06-18 08:26:55+00:00	#archeofoss inizia la sessione GIS Scianna integrazione tra sistemi GIS FOSS e modelli dati 3D	it	0	g_gattiglia	archeofoss	#archeofoss					
346906921099473000	https://twitter.com/Gteronline/status/346906921099472896	2013-06-18 08:27:09+00:00	RT @stekosteko: Inizia la prima sessione #archeofoss intervengono A. Scianna e colleghe su integrazione di GIS e 3D PDF	it	1	Gteronline	archeofoss	#archeofoss	stekosteko				
346907699771998000	https://twitter.com/stekosteko/status/346907699771998208	2013-06-18 08:30:15+00:00	A Catania prende il via #archeofoss 2013 http://t.co/2JcMmz88km	it	0	stekosteko	archeofoss	#archeofoss		http://www.archeofoss.org/2013/06/a-catania-prende-il-via-archeofoss-2013/			
346908907584770000	https://twitter.com/stekosteko/status/346908907584770048	2013-06-18 08:35:03+00:00	Scianna: database PostgreSQL collegato a PDF 3D per informazioni di dettaglio sugli edifici #archeofoss	it	0	stekosteko	archeofoss	#archeofoss					
346909449195233000	https://twitter.com/g_gattiglia/status/346909449195233280	2013-06-18 08:37:12+00:00	#archeofoss Scianna modellazione in Blender per importazione del modello in Acrobat, necessario uso di software proprietario	it	0	g_gattiglia	archeofoss	#archeofoss					
346909512789266000	https://twitter.com/stekosteko/status/346909512789266432	2013-06-18 08:37:27+00:00	Scianna: interazione nel PDF 3D tramite JavaScript, inclusa la connessione al database #archeofoss	it	0	stekosteko	archeofoss	#archeofoss					
346911399831806000	https://twitter.com/stekosteko/status/346911399831805952	2013-06-18 08:44:57+00:00	Scianna: sostituire il PDF 3D (software proprietario) con strumenti FOSS, sfruttando Python per collegare Blender ed es. QGIS #archeofoss	it	0	stekosteko	archeofoss	#archeofoss					
346912222192206000	https://twitter.com/g_gattiglia/status/346912222192205825	2013-06-18 08:48:13+00:00	#archeofoss Giusti: applicazioni FLOSS per acquisizione gestione e analisi dei dati archeologici	it	1	g_gattiglia	archeofoss	#archeofoss					
346912447908696000	https://twitter.com/stekosteko/status/346912447908696064	2013-06-18 08:49:07+00:00	Adesso D. Giusti su strumenti FOSS per gestione e analisi di dati di scavo a Pirro Nord (FG) #archeofoss	it	0	stekosteko	archeofoss	#archeofoss					
346912810128773000	https://twitter.com/stekosteko/status/346912810128773120	2013-06-18 08:50:33+00:00	Giusti: al mio arrivo a Pirro Nord trovo cattive pratiche per l'archiviazione dei dati (formati proprietari, opachi) #archeofoss	it	0	stekosteko	archeofoss	#archeofoss					
346913084973130000	https://twitter.com/stekosteko/status/346913084973129729	2013-06-18 08:51:39+00:00	Giusti: Pirro Nord datato ~ 1.6-1.3 Ma BP... chiaramente il sito più antico di cui si sia mai parlato ad #archeofoss #pushingtheboundaries	it	0	stekosteko	archeofoss	#archeofoss					
346913367199474000	https://twitter.com/g_gattiglia/status/346913367199473664	2013-06-18 08:52:46+00:00	#archeofoss Giisti utilità dei wiki per iniziare a formarsi in ambito open, cotrapposta a bad practice: formati propietari e no #opendata	it	1	g_gattiglia	archeofoss	#archeofoss					
346913426427224000	https://twitter.com/KaesarCT/status/346913426427224064	2013-06-18 08:53:00+00:00	#archeofoss http://t.co/3S3Bsa6wen	it	0	KaesarCT	archeofoss	#archeofoss			https://pbs.twimg.com/media/BNB77F6CIAAvbT2.jpg		
346913933334036000	https://twitter.com/g_gattiglia/status/346913933334036481	2013-06-18 08:55:01+00:00	#archeofoss Giusti: primo passo esportazione dati in formato .csv	it	1	g_gattiglia	archeofoss	#archeofoss					
346914290231542000	https://twitter.com/stekosteko/status/346914290231541761	2013-06-18 08:56:26+00:00	Giusti: sistema web-based usando tecnologia FOSS. Server RaspberryPi su rete locale, approccio artigianale (ci piace) #archeofoss	it	1	stekosteko	archeofoss	#archeofoss					
346914577751089000	https://twitter.com/PirroNord/status/346914577751089154	2013-06-18 08:57:35+00:00	RT @g_gattiglia: #archeofoss Giusti: applicazioni FLOSS per acquisizione gestione e analisi dei dati archeologici	it	1	PirroNord	archeofoss	#archeofoss	g_gattiglia				
346914717073285000	https://twitter.com/PirroNord/status/346914717073285120	2013-06-18 08:58:08+00:00	RT @g_gattiglia: #archeofoss Giisti utilità dei wiki per iniziare a formarsi in ambito open, cotrapposta a bad practice: formati propietari…	it	1	PirroNord	archeofoss	#archeofoss	g_gattiglia				
346914736778121000	https://twitter.com/PirroNord/status/346914736778121217	2013-06-18 08:58:13+00:00	RT @g_gattiglia: #archeofoss Giusti: primo passo esportazione dati in formato .csv	it	1	PirroNord	archeofoss	#archeofoss	g_gattiglia				
346914781896266000	https://twitter.com/stekosteko/status/346914781896265728	2013-06-18 08:58:24+00:00	Intanto con gli arrivi del gruppo SITAR e di altri la sala si sta riempiendo #archeofoss	it	0	stekosteko	archeofoss	#archeofoss					
346915034804396000	https://twitter.com/stekosteko/status/346915034804396032	2013-06-18 08:59:24+00:00	Giusti: ho usato direttamente R per fare analisi spaziale (pacchetti spatstat, CircStat) #archeofoss	it	0	stekosteko	archeofoss	#archeofoss					
346915510367187000	https://twitter.com/stekosteko/status/346915510367186944	2013-06-18 09:01:17+00:00	Giusti: per condividere le buone pratiche ho creato http://t.co/fkB61KhZxO (CC-BY-SA) #archeofoss	it	2	stekosteko	archeofoss	#archeofoss		http://wiki.gnewarchaeology.it/			
346915743419466000	https://twitter.com/g_gattiglia/status/346915743419465728	2013-06-18 09:02:13+00:00	#archeofoss Giusti: http://t.co/ww3msF3DVa wiki che nasce con intenti didattici, ma che si vuole spingere verso la pubblicazione scientifica	it	0	g_gattiglia	archeofoss	#archeofoss		http://www.gnewarchaeology.it			
346916127147966000	https://twitter.com/stekosteko/status/346916127147966465	2013-06-18 09:03:44+00:00	Giusti: ma perché un wiki non può contare come una pubblicazione “vera”? #archeofoss	it	1	stekosteko	archeofoss	#archeofoss					
346916261122408000	https://twitter.com/g_gattiglia/status/346916261122408448	2013-06-18 09:04:16+00:00	#archeofoss Giusti fa sua analisi  di #op2013 e si chiede se  i wiki possano essere una nuova forma di pubblicazione scientifica	it	0	g_gattiglia	archeofoss	#archeofoss					
346917380548608000	https://twitter.com/stekosteko/status/346917380548608000	2013-06-18 09:08:43+00:00	Diego Gnesi ci parla del suo progetto “datando” per la codifica di informazioni cronologiche http://t.co/W8hqcBqqSz #archeofoss	it	2	stekosteko	archeofoss	#archeofoss		http://www.diegognesi.it/?p=187			
346917473959952000	https://twitter.com/g_gattiglia/status/346917473959952384	2013-06-18 09:09:05+00:00	#archeofoss Bartolani, Moscatelli: comprendere e valorizzare il dato archeologico (mi incuriosisce molto)	it	1	g_gattiglia	archeofoss	#archeofoss					
346917558387110000	https://twitter.com/stekosteko/status/346917558387109888	2013-06-18 09:09:25+00:00	Gnesi: il background è il progetto RIMEM sugli insediamenti medievali nelle Marche meridionali (dal 2006 e anche prima) #archeofoss	it	1	stekosteko	archeofoss	#archeofoss					
346917599579349000	https://twitter.com/AubreyMcFato/status/346917599579348992	2013-06-18 09:09:35+00:00	RT @stekosteko: Giusti: ma perché un wiki non può contare come una pubblicazione “vera”? #archeofoss	it	1	AubreyMcFato	archeofoss	#archeofoss	stekosteko				
346917791561028000	https://twitter.com/stekosteko/status/346917791561027585	2013-06-18 09:10:21+00:00	Con l'intervento di Gnesi siamo balzati in avanti di 1.3 milioni di anni! #archeofoss	it	0	stekosteko	archeofoss	#archeofoss					
346918752585134000	https://twitter.com/stekosteko/status/346918752585134080	2013-06-18 09:14:10+00:00	Gnesi: combinare fonti archivistiche, cartografie storiche, geofisiche, archeologiche etc per ricostruire i paesaggi #archeofoss	it	2	stekosteko	archeofoss	#archeofoss					
346919004809605000	https://twitter.com/stekosteko/status/346919004809605120	2013-06-18 09:15:10+00:00	Gnesi: il dato cronologico è l'elemento fondamentale per lo studio archeologico ma raramente viene spiegato il modello #archeofoss	it	0	stekosteko	archeofoss	#archeofoss					
346919213010670000	https://twitter.com/g_gattiglia/status/346919213010669568	2013-06-18 09:16:00+00:00	#archeofoss Gnesi Bartolani come gestire il dato cronologico? Per questo è nato Datando http://t.co/lU9DjdocAZ	it	2	g_gattiglia	archeofoss	#archeofoss		http://www.diegognesi.it			
346919369865048000	https://twitter.com/stekosteko/status/346919369865048064	2013-06-18 09:16:37+00:00	Gnesi: per gestire il dato cronologico creato datando https://t.co/qoFtP0NlDM ← non è difficile condividere il codice sorgente! #archeofoss	it	1	stekosteko	archeofoss	#archeofoss		https://github.com/diegognesi/datando			
346919420951679000	https://twitter.com/PastorinoAndrea/status/346919420951678976	2013-06-18 09:16:50+00:00	http://t.co/s6MqhrdLEN progetto di divulgazione scientifica online particolarmente attento a preistoria e protostoria #archeofoss #archeo	it	1	PastorinoAndrea	archeofoss	#archeofoss		http://www.archaeologicaltraces.org/			
346919860502139000	https://twitter.com/FilippoStanco/status/346919860502138881	2013-06-18 09:18:34+00:00	é partito #archeofoss ! dopo il saluto de Rettore si é passati alla sessione GIS...	it	0	FilippoStanco	archeofoss	#archeofoss					
346919979456815000	https://twitter.com/g_gattiglia/status/346919979456815105	2013-06-18 09:19:03+00:00	#archeofoss Gnesi progetto Datando per la gestione del dato cronologico sia puntale, che come intervallo: estremamente interessante	it	0	g_gattiglia	archeofoss	#archeofoss					
346920237893038000	https://twitter.com/Bene_Pierf/status/346920237893038080	2013-06-18 09:20:04+00:00	RT @g_gattiglia: #archeofoss Bartolani, Moscatelli: comprendere e valorizzare il dato archeologico (mi incuriosisce molto)	it	1	Bene_Pierf	archeofoss	#archeofoss	g_gattiglia				
346920979013988000	https://twitter.com/stekosteko/status/346920979013988352	2013-06-18 09:23:01+00:00	Gnesi: datazioni fuzzy (“primi decenni del VII secolo d.C.”) sono attraenti per gli archeologi #archeofoss	it	0	stekosteko	archeofoss	#archeofoss					
346921913928536000	https://twitter.com/stekosteko/status/346921913928536064	2013-06-18 09:26:44+00:00	Busana, Francisci, Tricomi: SQLite-SpatiaLite per il progetto “Archeologia della lana nella Cisalpina romana” #archeofoss	it	0	stekosteko	archeofoss	#archeofoss					
346922015741080000	https://twitter.com/g_gattiglia/status/346922015741079552	2013-06-18 09:27:08+00:00	"#archeofoss Francisci SQLite-SpatialLite, una soluzione ""portabile"" per archeologi"	it	0	g_gattiglia	archeofoss	#archeofoss					
346922057096896000	https://twitter.com/stekosteko/status/346922057096896512	2013-06-18 09:27:18+00:00	Francisci: lavoro semplice ma mostra le potenzialità di SQLite-SpatiaLite #archeofoss	it	0	stekosteko	archeofoss	#archeofoss					
346922668982948000	https://twitter.com/stekosteko/status/346922668982947841	2013-06-18 09:29:44+00:00	Francisci: la Venetia romana produceva lana di qualità riconosciuta dagli autori antichi #archeofoss	it	0	stekosteko	archeofoss	#archeofoss					
346922907437523000	https://twitter.com/g_gattiglia/status/346922907437522944	2013-06-18 09:30:41+00:00	#archeofoss quanti diversi sistemi di schedatura sono capaci di creare gli archeologi?	it	1	g_gattiglia	archeofoss	#archeofoss					
346923353300423000	https://twitter.com/stekosteko/status/346923353300422656	2013-06-18 09:32:27+00:00	Francisci: vincoli di sistema (FLOSS; formati aperti, interazione con GIS, statistiche, web) e di utenza (gli schedatori) #archeofoss	it	0	stekosteko	archeofoss	#archeofoss					
346923610167984000	https://twitter.com/OpusPaulicium/status/346923610167984129	2013-06-18 09:33:28+00:00	RT @stekosteko: Giusti: per condividere le buone pratiche ho creato http://t.co/fkB61KhZxO (CC-BY-SA) #archeofoss	it	2	OpusPaulicium	archeofoss	#archeofoss	stekosteko	http://wiki.gnewarchaeology.it/			
346923703214424000	https://twitter.com/stekosteko/status/346923703214424064	2013-06-18 09:33:51+00:00	Francisci: il database necessita di essere multipiattaforma, portabile, eseguibile in locale (offline) → db SQLite/SpatiaLite #archeofoss	it	1	stekosteko	archeofoss	#archeofoss					
346923869984137000	https://twitter.com/sere1nella/status/346923869984137217	2013-06-18 09:34:30+00:00	RT @g_gattiglia: #archeofoss quanti diversi sistemi di schedatura sono capaci di creare gli archeologi?	it	1	sere1nella	archeofoss	#archeofoss	g_gattiglia				
346923867849257000	https://twitter.com/maraina81/status/346923867849256960	2013-06-18 09:34:30+00:00	Io seguo il livetwitting di #archeofoss. Buon lavoro ragazzi!	it	2	maraina81	archeofoss	#archeofoss					
346924048191734000	https://twitter.com/Alex_OLove/status/346924048191733762	2013-06-18 09:35:13+00:00	RT @maraina81: Io seguo il livetwitting di #archeofoss. Buon lavoro ragazzi!	it	2	Alex_OLove	archeofoss	#archeofoss	maraina81				
346924200319144000	https://twitter.com/stekosteko/status/346924200319143937	2013-06-18 09:35:49+00:00	Francisci: interfaccia LibreOffice con menu a tendina e inserimento facilitato. 2 tabelle + tabelle vocabolari esterne #archeofoss	it	0	stekosteko	archeofoss	#archeofoss					
346924666855768000	https://twitter.com/stekosteko/status/346924666855768066	2013-06-18 09:37:40+00:00	Francisci: le coordinate dei siti ricavate manualmente da Google Earth e inserite in QGIS con opportune conversioni di CRS #archeofoss	it	0	stekosteko	archeofoss	#archeofoss					
346924960511570000	https://twitter.com/stekosteko/status/346924960511569920	2013-06-18 09:38:50+00:00	Francisci: vantaggi di SQLite sono facilità di creazione dei trigger e la portabilità (un unico file, simile ai db proprietari) #archeofoss	it	0	stekosteko	archeofoss	#archeofoss					
346925295560978000	https://twitter.com/g_gattiglia/status/346925295560978432	2013-06-18 09:40:10+00:00	#archeofoss Frsncisci SQLite è molto più vicino alla mentalità dell'archeologo abituato con il software proprietario	it	0	g_gattiglia	archeofoss	#archeofoss					
346925355015229000	https://twitter.com/stekosteko/status/346925355015229441	2013-06-18 09:40:24+00:00	Francisci: limitazioni di SQLite essenzialmente tecniche (ALTER TABLE, complessità di ODBC, lentezza di UPDATE) #archeofoss	it	0	stekosteko	archeofoss	#archeofoss					
346925659144196000	https://twitter.com/stekosteko/status/346925659144196096	2013-06-18 09:41:37+00:00	Francisci: nel Veneto orientale si concentra un diverso dipo di pesi da telaio #archeofoss	it	0	stekosteko	archeofoss	#archeofoss					
346925698813919000	https://twitter.com/sere1nella/status/346925698813919232	2013-06-18 09:41:46+00:00	"mi tengo aggiornata seguendo i tweet di #archeofoss dal pc! 
peccato non esserci.."	it	1	sere1nella	archeofoss	#archeofoss					
346925988422238000	https://twitter.com/stekosteko/status/346925988422238208	2013-06-18 09:42:55+00:00	"RT @sere1nella: mi tengo aggiornata seguendo i tweet di #archeofoss dal pc! 
peccato non esserci.."	it	1	stekosteko	archeofoss	#archeofoss	sere1nella				
346926032294646000	https://twitter.com/stekosteko/status/346926032294645761	2013-06-18 09:43:06+00:00	RT @maraina81: Io seguo il livetwitting di #archeofoss. Buon lavoro ragazzi!	it	2	stekosteko	archeofoss	#archeofoss	maraina81				
346926496985797000	https://twitter.com/g_gattiglia/status/346926496985796608	2013-06-18 09:44:57+00:00	#archeofoss Francisci: collegamento diretto con R tramite RSQLite, verranno rilasciati anche i dati (evviva!)	it	0	g_gattiglia	archeofoss	#archeofoss					
346928090427036000	https://twitter.com/stekosteko/status/346928090427035648	2013-06-18 09:51:17+00:00	Ora @FilippoStanco introduce la sessione lampo per gli autori dei poster #archeofoss	it	0	stekosteko	archeofoss	#archeofoss	FilippoStanco				
346929980137169000	https://twitter.com/stekosteko/status/346929980137168897	2013-06-18 09:58:47+00:00	Documentario 3D sul sito preistorico del villaggio di Melilli #archeofoss	it	0	stekosteko	archeofoss	#archeofoss					
346930134076514000	https://twitter.com/stekosteko/status/346930134076514305	2013-06-18 09:59:24+00:00	R. Gietl: ricostruzione delle gallerie della Prima Guerra mondiale con FLOSS #archeofoss	it	0	stekosteko	archeofoss	#archeofoss					
346930394358243000	https://twitter.com/ChiaraMangiante/status/346930394358243328	2013-06-18 10:00:26+00:00	Grazie per il live twitting, così riesco a seguirvi!Buon lavoro #archeofoss	it	0	ChiaraMangiante	archeofoss	#archeofoss					
346930778569077000	https://twitter.com/Archeologi/status/346930778569076736	2013-06-18 10:01:57+00:00	Per seguire i lavori di #archeofoss vi consigliamo i tweet di @g_gattiglia e @stekosteko	it	0	Archeologi	archeofoss	#archeofoss	g_gattiglia				
346931251342631000	https://twitter.com/stekosteko/status/346931251342630912	2013-06-18 10:03:50+00:00	Gietl: structure from motion in situazioni estreme di logistica e illuminazione #archeofoss	it	0	stekosteko	archeofoss	#archeofoss					
346931572689207000	https://twitter.com/stekosteko/status/346931572689207297	2013-06-18 10:05:07+00:00	Paola Meli: 3D web-service e FLOSS per rilievo di reperti archeologici: valutazioni metriche #archeofoss	it	0	stekosteko	archeofoss	#archeofoss					
346933390332801000	https://twitter.com/stekosteko/status/346933390332801024	2013-06-18 10:12:20+00:00	Antinori: modellazione umana o automatica? Structure from motion applicata a due casi L'Aquila e Urbisaglia  #archeofoss	it	0	stekosteko	archeofoss	#archeofoss					
346933727613575000	https://twitter.com/g_gattiglia/status/346933727613575169	2013-06-18 10:13:41+00:00	#archeofoss Iannuzzi: un cortometraggio animato realizzato con open source (ormai la via dei video è tracciata!)	it	1	g_gattiglia	archeofoss	#archeofoss					
346934554206020000	https://twitter.com/g_gattiglia/status/346934554206019584	2013-06-18 10:16:58+00:00	#archeofoss il cortometraggio animato X-gift è visibile su You tube	it	0	g_gattiglia	archeofoss	#archeofoss					
346935064371802000	https://twitter.com/stekosteko/status/346935064371802113	2013-06-18 10:18:59+00:00	Michielin: ricostruzione 3D della domus delle bestie ferite di Aquileia. GIMP, AutoCAD e Blender #archeofoss	it	0	stekosteko	archeofoss	#archeofoss					
346935800870601000	https://twitter.com/stekosteko/status/346935800870600704	2013-06-18 10:21:55+00:00	Santagati presenta lavoro di Vassallo e Ronzino su FLOSS per gestione e condivisione di dati digitali nei BBCC #archeofoss	it	0	stekosteko	archeofoss	#archeofoss					
346936485947265000	https://twitter.com/stekosteko/status/346936485947265024	2013-06-18 10:24:38+00:00	Vassallo: repository STARC con metadati e “paradati” che descrivono le procedure di creazione (London charter) #archeofoss	it	0	stekosteko	archeofoss	#archeofoss					
346936894820581000	https://twitter.com/stekosteko/status/346936894820581376	2013-06-18 10:26:16+00:00	E ci siamo meritati la pausa pranzo! Ricominciamo alle 13.45 #archeofoss	it	0	stekosteko	archeofoss	#archeofoss					
346937026534314000	https://twitter.com/g_gattiglia/status/346937026534313984	2013-06-18 10:26:47+00:00	#archeofoss una domanda (provocatoria) sorge spontanea: il 3D ci ucciderà?	it	0	g_gattiglia	archeofoss	#archeofoss					
346937655696703000	https://twitter.com/ElisaTriolo/status/346937655696703488	2013-06-18 10:29:17+00:00	RT @Archeologi: Per seguire i lavori di #archeofoss vi consigliamo i tweet di @g_gattiglia e @stekosteko	it	1	ElisaTriolo	archeofoss	#archeofoss	Archeologi				
346941137795297000	https://twitter.com/PirroNord/status/346941137795297280	2013-06-18 10:43:07+00:00	RT @g_gattiglia: #archeofoss Giusti: http://t.co/ww3msF3DVa wiki che nasce con intenti didattici, ma che si vuole spingere verso la pubblic…	it	1	PirroNord	archeofoss	#archeofoss	g_gattiglia	http://www.gnewarchaeology.it			
346941159467270000	https://twitter.com/PirroNord/status/346941159467270144	2013-06-18 10:43:12+00:00	RT @g_gattiglia: #archeofoss Giusti fa sua analisi  di #op2013 e si chiede se  i wiki possano essere una nuova forma di pubblicazione scien…	it	1	PirroNord	archeofoss	#archeofoss	g_gattiglia				
346947851508670000	https://twitter.com/sere1nella/status/346947851508670464	2013-06-18 11:09:48+00:00	il carinissimo video x-gift da #archeofoss 2013.. http://t.co/cKieTJhTXI	it	0	sere1nella	archeofoss	#archeofoss		http://www.youtube.com/watch?v=Q9axmMfYFuM&feature=youtu.be			
346952161491562000	https://twitter.com/pr_archeologo/status/346952161491562496	2013-06-18 11:26:56+00:00	#archeofoss per seguire l’edizione 2013 di ArcheoFOSS che quest'anno si tiene a Catania	it	0	pr_archeologo	archeofoss	#archeofoss					
346952690359730000	https://twitter.com/pr_archeologo/status/346952690359730178	2013-06-18 11:29:02+00:00	RT @g_gattiglia: #archeofoss Iannuzzi: un cortometraggio animato realizzato con open source (ormai la via dei video è tracciata!)	it	1	pr_archeologo	archeofoss	#archeofoss	g_gattiglia				
346980847414555000	https://twitter.com/stekosteko/status/346980847414554624	2013-06-18 13:20:55+00:00	Grossi: dati archeologici sono complessi, intersecano problemi di privacy, diritti di autore. Leggi recenti portano altre novità #archeofoss	it	1	stekosteko	archeofoss	#archeofoss					
346981017682313000	https://twitter.com/stekosteko/status/346981017682313216	2013-06-18 13:21:35+00:00	Grossi: quali implicazioni per l'archeologia dell'open by default e delle linee guida sulla trasparenza della PA? #archeofoss	it	1	stekosteko	archeofoss	#archeofoss					
346981216358113000	https://twitter.com/ChiaraMangiante/status/346981216358113280	2013-06-18 13:22:23+00:00	RT @g_gattiglia: #archeofoss Palombini crowdfunding sistema diffuso di finanziamento partecipato (modello da sfruttare in archeologia)	it	2	ChiaraMangiante	archeofoss	#archeofoss	g_gattiglia				
346981387716411000	https://twitter.com/stekosteko/status/346981387716411392	2013-06-18 13:23:04+00:00	Grossi: FLOSS sempre più pregnante, ma cloud computing e walled gardens creano nuovi problemi, oltre il software in sé #archeofoss	it	0	stekosteko	archeofoss	#archeofoss					
346981687739183000	https://twitter.com/stekosteko/status/346981687739183105	2013-06-18 13:24:15+00:00	Grossi: il software e il formato dei file è importante per la conservazione a lungo termine. FLOSS non basta più, non da solo #archeofoss	it	0	stekosteko	archeofoss	#archeofoss					
346981903204749000	https://twitter.com/stekosteko/status/346981903204749314	2013-06-18 13:25:06+00:00	Grossi: anche i supporti fisici sono un problema per la conservazione, obsolescenza dell'hardware molto diffusa in Italia! #archeofoss	it	0	stekosteko	archeofoss	#archeofoss					
346981929603707000	https://twitter.com/g_gattiglia/status/346981929603706880	2013-06-18 13:25:13+00:00	#archeofoss Grossi software libero e formati aperti non sono più le sole garanzie di libertà	it	1	g_gattiglia	archeofoss	#archeofoss					
346982186232213000	https://twitter.com/stekosteko/status/346982186232213504	2013-06-18 13:26:14+00:00	Grossi: oltre al software, importanti le licenze sui dati e i termini di servizio dei sistemi di cloud computing #archeofoss	it	0	stekosteko	archeofoss	#archeofoss					
346982390830350000	https://twitter.com/g_gattiglia/status/346982390830350336	2013-06-18 13:27:03+00:00	#archeofoss Grossi sistemi cloud pongono nuovi scenari problematici, così come i social network, occorrono nuove attenzioni	it	0	g_gattiglia	archeofoss	#archeofoss					
346982406588334000	https://twitter.com/stekosteko/status/346982406588334080	2013-06-18 13:27:07+00:00	Grossi: sempre più diffusi i wiki e i social network per la condivisione [associati impropriamente secondo me] #archeofoss	it	1	stekosteko	archeofoss	#archeofoss					
346982523810742000	https://twitter.com/IlTuriCosta/status/346982523810742272	2013-06-18 13:27:34+00:00	RT @g_gattiglia: #archeofoss Grossi software libero e formati aperti non sono più le sole garanzie di libertà	it	1	IlTuriCosta	archeofoss	#archeofoss	g_gattiglia				
346982784226689000	https://twitter.com/g_gattiglia/status/346982784226689024	2013-06-18 13:28:37+00:00	RT @stekosteko: Grossi: sempre più diffusi i wiki e i social network per la condivisione [associati impropriamente secondo me] #archeofoss	it	1	g_gattiglia	archeofoss	#archeofoss	stekosteko				
346982879831654000	https://twitter.com/stekosteko/status/346982879831654400	2013-06-18 13:28:59+00:00	Grossi: la situazione generale degli #opendata in Italia cambia qualcosa per l'archeologia? Sì, ma serve lavoro dal basso #archeofoss	it	0	stekosteko	opendata	#archeofoss					
346983348595479000	https://twitter.com/g_gattiglia/status/346983348595478528	2013-06-18 13:30:51+00:00	@stekosteko condivido lavoro dal basso,  ma serve base allargata,  ci vuole più divulgazione #archeofoss	it	0	g_gattiglia	archeofoss	#archeofoss	stekosteko			stekosteko	346982879831654000
346983878231208000	https://twitter.com/stekosteko/status/346983878231207936	2013-06-18 13:32:57+00:00	Adesso @g_gattiglia per @MappaProject su diritti e doveri per #opendata nell'archeologia italiana #archeofoss	it	0	stekosteko	opendata	#archeofoss	g_gattiglia				
346990849915232000	https://twitter.com/stekosteko/status/346990849915232257	2013-06-18 14:00:40+00:00	Cantone: un intervento esempio di interazione nata grazie ai workshop #archeofoss con la condivisione di buone pratiche	it	0	stekosteko	archeofoss	#archeofoss					
346990854789022000	https://twitter.com/g_gattiglia/status/346990854789021697	2013-06-18 14:00:41+00:00	#archeofoss Cantone metodi aperti nella didattica archeologica	it	0	g_gattiglia	archeofoss	#archeofoss					
346991226156892000	https://twitter.com/stekosteko/status/346991226156892161	2013-06-18 14:02:09+00:00	Cantone: preoccupante scollamento tra competenze richieste nella filiera lavorativa e competenze insegnate in università #archeofoss	it	2	stekosteko	archeofoss	#archeofoss					
346991446781477000	https://twitter.com/stekosteko/status/346991446781476864	2013-06-18 14:03:02+00:00	Cantone: digital literacy come proposta di approccio condiviso alle competenze nel nostro settore #archeofoss	it	0	stekosteko	archeofoss	#archeofoss					
346992166826017000	https://twitter.com/stekosteko/status/346992166826016769	2013-06-18 14:05:54+00:00	Cantone: necessità di mettere il territorio in condizione di esprimere le proprie esigenze, sennò disoccupazione, sprechi #archeofoss	it	0	stekosteko	archeofoss	#archeofoss					
346992343347495000	https://twitter.com/stekosteko/status/346992343347494915	2013-06-18 14:06:36+00:00	Cantone: guardiamo come reagiscono settori ad alto tasso di cambiamento (informatica, medicina) #archeofoss	it	0	stekosteko	archeofoss	#archeofoss					
346992649716261000	https://twitter.com/stekosteko/status/346992649716260865	2013-06-18 14:07:49+00:00	De Tommasi: tante accezioni di digital literacy (Eshet-Alkalai), tutte presenti nelle tante anime di #archeofoss	it	0	stekosteko	archeofoss	#archeofoss					
346992922727694000	https://twitter.com/stekosteko/status/346992922727694336	2013-06-18 14:08:54+00:00	Cantone: proposta di analisi delle filiere e promozione di reti cooperative, osservatorio sulla digital literacy in archeologia #archeofoss	it	0	stekosteko	archeofoss	#archeofoss					
346993401008366000	https://twitter.com/stekosteko/status/346993401008365568	2013-06-18 14:10:48+00:00	Cantone: esempio positivo Orchestra Napoli Smart City, interazione tra discipline diverse nel concreto del territorio #archeofoss	it	0	stekosteko	archeofoss	#archeofoss					
346993640276632000	https://twitter.com/lad_unifg/status/346993640276631553	2013-06-18 14:11:45+00:00	@stekosteko @g_gattiglia #archeofoss sempre più Open. Ben oltre i problemi tecnici e gli strumenti tecnologici. Quanta strada è stata fatta!	it	1	lad_unifg	archeofoss	#archeofoss	stekosteko			stekosteko	346984235065819000
346993786397798000	https://twitter.com/stekosteko/status/346993786397798400	2013-06-18 14:12:20+00:00	Cantone: sfumare la separazione tra settori della ricerca, didattica, professione #archeofoss	it	0	stekosteko	archeofoss	#archeofoss					
346994311856026000	https://twitter.com/lad_unifg/status/346994311856025604	2013-06-18 14:14:25+00:00	@stekosteko #archeofoss lo scollamento formazione/professione è ormai più di un rischio. Lo dicono i numeri degli iscritti alle magistrali	it	0	lad_unifg	archeofoss	#archeofoss	stekosteko			stekosteko	346991226156892000
346994418085134000	https://twitter.com/stekosteko/status/346994418085134336	2013-06-18 14:14:50+00:00	De Tommasi: impegno reciproco a scambiare informazioni tra tutti i gruppi di lavoro e comunità partecipanti ad #archeofoss	it	0	stekosteko	archeofoss	#archeofoss					
346994459545829000	https://twitter.com/fradeve/status/346994459545829376	2013-06-18 14:15:00+00:00	RT @g_gattiglia: #archeofoss Giusti fa sua analisi  di #op2013 e si chiede se  i wiki possano essere una nuova forma di pubblicazione scien…	it	2	fradeve	archeofoss	#archeofoss	g_gattiglia				
346995485413880000	https://twitter.com/pr_archeologo/status/346995485413879808	2013-06-18 14:19:05+00:00	RT @lad_unifg: @stekosteko @g_gattiglia #archeofoss sempre più Open. Ben oltre i problemi tecnici e gli strumenti tecnologici. Quanta strad…	it	1	pr_archeologo	archeofoss	#archeofoss	lad_unifg				
347016306383540000	https://twitter.com/stekosteko/status/347016306383540224	2013-06-18 15:41:49+00:00	A. Rossi su SIUrBe sistema informativo a Benevento #archeofoss	it	0	stekosteko	archeofoss	#archeofoss					
347016336909689000	https://twitter.com/PiccoliMusei/status/347016336909688832	2013-06-18 15:41:56+00:00	@stekosteko Questo è un nodo cruciale da sciogliere, sicuramente quello che più di tutti, finora, ha penalizzato gli archeologi #archeofoss	it	2	PiccoliMusei	archeofoss	#archeofoss	stekosteko			stekosteko	346991226156892000
347017837799416000	https://twitter.com/lucacorsato/status/347017837799415808	2013-06-18 15:47:54+00:00	bell'esempio di #semanticmediawiki applicato all'#archeofoss (più accessi aperti sarebbero graditi 	-)) http://t.co/V0ktJ3bXFf	it	0	lucacorsato	semanticmediawiki	#archeofoss		http://www.lasapienzamozia.it/wiki/index.php?title=US.938		
347018052669420000	https://twitter.com/ChiaraMangiante/status/347018052669419520	2013-06-18 15:48:45+00:00	RT @g_gattiglia: #archeofoss @stekosteko facciamo fatica ad allargare la nostra platea: dobbiamo renderci più 'generalisti',più divulgativi	it	5	ChiaraMangiante	archeofoss	#archeofoss	g_gattiglia				
347019280619041000	https://twitter.com/stekosteko/status/347019280619040768	2013-06-18 15:53:38+00:00	Antinori su modellazione 3D del territorio romano di Urbs Salvia, moderna Urbisaglia (MC) con VTerrain #archeofoss	it	0	stekosteko	archeofoss	#archeofoss					
347020304608006000	https://twitter.com/Astracane/status/347020304608006144	2013-06-18 15:57:42+00:00	RT @g_gattiglia: @stekosteko dobbiamo fare sforzo per fare un manifesto per rendere idee di #archeofoss un patrimonio collettivo	it	4	Astracane	archeofoss	#archeofoss	g_gattiglia				
347020338636403000	https://twitter.com/Astracane/status/347020338636402689	2013-06-18 15:57:50+00:00	RT @g_gattiglia: #archeofoss @stekosteko facciamo fatica ad allargare la nostra platea: dobbiamo renderci più 'generalisti',più divulgativi	it	5	Astracane	archeofoss	#archeofoss	g_gattiglia				
347024688444228000	https://twitter.com/stekosteko/status/347024688444227584	2013-06-18 16:15:07+00:00	Nurra: frammentazione tra attori del sistema di produzione dei dati archeologici in Sardegna, come in tutta Italia #archeofoss	it	0	stekosteko	archeofoss	#archeofoss					
347025271284720000	https://twitter.com/stekosteko/status/347025271284719616	2013-06-18 16:17:26+00:00	Nurra: accordo quadro tra Soprintendenza e Università per la condivisione di dati 44 adesioni in una settimana! #archeofoss	it	1	stekosteko	archeofoss	#archeofoss					
347025612369711000	https://twitter.com/stekosteko/status/347025612369711104	2013-06-18 16:18:48+00:00	Nurra: usiamo il Codice Unico di Identificazione che combina codice ISTAT del comune, coordinate geo #archeofoss	it	0	stekosteko	archeofoss	#archeofoss					
347025618879279000	https://twitter.com/FilippoStanco/status/347025618879279104	2013-06-18 16:18:49+00:00	#archeofoss domani il tutorial di G. Gallo @GalloGioProf è anticipato alle 9,30. Il Barcamp @csantagati è anticipato alle 15,45.	it	0	FilippoStanco	archeofoss	#archeofoss	GalloGioProf				
347025859481309000	https://twitter.com/stekosteko/status/347025859481309185	2013-06-18 16:19:46+00:00	Nurra: CUI genera automaticamente numerosi campi della scheda MODI #archeofoss	it	0	stekosteko	archeofoss	#archeofoss					
347026097310953000	https://twitter.com/Say_no/status/347026097310953472	2013-06-18 16:20:43+00:00	くそーっ!! #archeofoss が楽しそうだ!!いつか参加したい!!(イタリアでイタリア語だけど…) http://t.co/bbbuQcvmO3	ja	0	Say_no	archeofoss	#archeofoss		http://www.archeofoss.org/			
347026439545160000	https://twitter.com/stekosteko/status/347026439545159680	2013-06-18 16:22:05+00:00	Nurra: livello informativo conforme a CNIPA e INSPIRE #archeofoss	it	0	stekosteko	archeofoss	#archeofoss					
347026444129550000	https://twitter.com/lucacorsato/status/347026444129550336	2013-06-18 16:22:06+00:00	RT @stekosteko: Nurra: accordo quadro tra Soprintendenza e Università per la condivisione di dati 44 adesioni in una settimana! #archeofoss	it	1	lucacorsato	archeofoss	#archeofoss	stekosteko				
347029071730983000	https://twitter.com/FilippoStanco/status/347029071730982912	2013-06-18 16:32:32+00:00	"""@GioSkellington: Bella la prima giornata di #archeofoss. Domani ancora #Blender con @GalloGioProf.
Complimenti a @FilippoStanco!"" grazie"	it	0	FilippoStanco	archeofoss	#archeofoss	GioSkellington				
347035404886749000	https://twitter.com/OpusPaulicium/status/347035404886749184	2013-06-18 16:57:42+00:00	RT @g_gattiglia: @stekosteko dobbiamo fare sforzo per fare un manifesto per rendere idee di #archeofoss un patrimonio collettivo	it	6	OpusPaulicium	archeofoss	#archeofoss	g_gattiglia				
347036530897977000	https://twitter.com/SOSViaGaribaldi/status/347036530897977344	2013-06-18 17:02:11+00:00	RT @g_gattiglia: @stekosteko dobbiamo fare sforzo per fare un manifesto per rendere idee di #archeofoss un patrimonio collettivo	it	6	SOSViaGaribaldi	archeofoss	#archeofoss	g_gattiglia				
347036575894479000	https://twitter.com/SOSViaGaribaldi/status/347036575894478848	2013-06-18 17:02:22+00:00	RT @g_gattiglia: #archeofoss @stekosteko facciamo fatica ad allargare la nostra platea: dobbiamo renderci più 'generalisti',più divulgativi	it	6	SOSViaGaribaldi	archeofoss	#archeofoss	g_gattiglia				
347078776661885000	https://twitter.com/sebattiato/status/347078776661884929	2013-06-18 19:50:03+00:00	"RT @FilippoStanco: ""@GioSkellington: Bella la prima giornata di #archeofoss. Domani ancora #Blender con @GalloGioProf.
Complimenti a @Filip…"	it	1	sebattiato	archeofoss	#archeofoss	FilippoStanco				
347078848011178000	https://twitter.com/sebattiato/status/347078848011177984	2013-06-18 19:50:20+00:00	RT @FilippoStanco: #archeofoss domani il tutorial di G. Gallo @GalloGioProf è anticipato alle 9,30. Il Barcamp @csantagati è anticipato all…	it	0	sebattiato	archeofoss	#archeofoss	FilippoStanco				
347088644391191000	https://twitter.com/antoniafalcone/status/347088644391190529	2013-06-18 20:29:16+00:00	RT @g_gattiglia: #archeofoss @stekosteko facciamo fatica ad allargare la nostra platea: dobbiamo renderci più 'generalisti',più divulgativi	it	7	antoniafalcone	archeofoss	#archeofoss	g_gattiglia				
347088746132423000	https://twitter.com/antoniafalcone/status/347088746132422656	2013-06-18 20:29:40+00:00	RT @g_gattiglia: #archeofoss Palombini crowdfunding sistema diffuso di finanziamento partecipato (modello da sfruttare in archeologia)	it	3	antoniafalcone	archeofoss	#archeofoss	g_gattiglia				
347089148659765000	https://twitter.com/antoniafalcone/status/347089148659765248	2013-06-18 20:31:16+00:00	RT @stekosteko: Serlorenzi: trasferire open source, open access, open data e digital libraries nell'archeologia #archeofoss	it	1	antoniafalcone	archeofoss	#archeofoss	stekosteko				
347095494427816000	https://twitter.com/_patsan_/status/347095494427815937	2013-06-18 20:56:29+00:00	RT @g_gattiglia: #archeofoss Palombini crowdfunding sistema diffuso di finanziamento partecipato (modello da sfruttare in archeologia)	it	4	_patsan_	archeofoss	#archeofoss	g_gattiglia				
347102891271655000	https://twitter.com/3Dwasp/status/347102891271655424	2013-06-18 21:25:52+00:00	RT @g_gattiglia: #archeofoss Palombini stampanti 3D come produttori di merchandising specifico, particolarmente adatto per le piccole realt…	it	2	3Dwasp	archeofoss	#archeofoss	g_gattiglia				
347240043187937000	https://twitter.com/FilippoStanco/status/347240043187937280	2013-06-19 06:30:52+00:00	"#archeofoss da ""La Sicilia"" del 18 giugno 2013 http://t.co/gkAveb0xFz"	it	0	FilippoStanco	archeofoss	#archeofoss			https://pbs.twimg.com/media/BNGk-sJCIAArJTU.jpg		
347246135179612000	https://twitter.com/archeomatica/status/347246135179612160	2013-06-19 06:55:04+00:00	Anche oggi #Archeofoss! Seguite gli aggiornamenti tramite i tweet di @stekosteko e @g_gattiglia	it	0	archeomatica	Archeofoss	#archeofoss	stekosteko				
347258596913996000	https://twitter.com/g_gattiglia/status/347258596913995776	2013-06-19 07:44:35+00:00	@archeomatica purtroppo oggi non ci sono, seguite @stekosteko #Archeofoss	it	1	g_gattiglia	Archeofoss	#archeofoss	archeomatica			archeomatica	347246135179612000
347259332691378000	https://twitter.com/archeomatica/status/347259332691378177	2013-06-19 07:47:31+00:00	RT @g_gattiglia: @archeomatica purtroppo oggi non ci sono, seguite @stekosteko #Archeofoss	it	1	archeomatica	Archeofoss	#archeofoss	g_gattiglia				
347260448183296000	https://twitter.com/stekosteko/status/347260448183296001	2013-06-19 07:51:57+00:00	#archeofoss riprende con G. Gallo che, t-shirt di Blender indosso, introduce la computer graphics e progetto Mango della Blender Foundation	it	0	stekosteko	archeofoss	#archeofoss					
347260774416261000	https://twitter.com/stekosteko/status/347260774416261120	2013-06-19 07:53:15+00:00	Gallo: con software open source si possono creare contenuti della stessa qualità di Quark, ma servono anche competenza, hardware #archeofoss	it	0	stekosteko	archeofoss	#archeofoss					
347261004377375000	https://twitter.com/stekosteko/status/347261004377374720	2013-06-19 07:54:09+00:00	Gallo mostra il bellissimo ”Tears of Steel” https://t.co/qyPseGKegN creato dalla @blender3d foundation #archeofoss	it	1	stekosteko	archeofoss	#archeofoss	blender3d	https://www.youtube.com/watch?v=R6MlUcmOul8			
347261655689859000	https://twitter.com/Gteronline/status/347261655689859072	2013-06-19 07:56:45+00:00	RT @stekosteko: Gallo mostra il bellissimo ”Tears of Steel” https://t.co/qyPseGKegN creato dalla @blender3d foundation #archeofoss	it	1	Gteronline	archeofoss	#archeofoss	stekosteko	https://www.youtube.com/watch?v=R6MlUcmOul8			
347261735515857000	https://twitter.com/zeridos89/status/347261735515856896	2013-06-19 07:57:04+00:00	Tutorial VFX #archeofoss http://t.co/R6a9z7z9Lv	de	0	zeridos89	archeofoss	#archeofoss			https://pbs.twimg.com/media/BNG4tWXCIAAGGYP.jpg		
347262070393303000	https://twitter.com/stekosteko/status/347262070393303040	2013-06-19 07:58:24+00:00	@g_gattiglia @archeomatica seguite anche @zeridos89 #archeofoss	it	1	stekosteko	archeofoss	#archeofoss	g_gattiglia			g_gattiglia	347258596913996000
347262256993665000	https://twitter.com/archeomatica/status/347262256993665024	2013-06-19 07:59:08+00:00	RT @stekosteko: @g_gattiglia @archeomatica seguite anche @zeridos89 #archeofoss	it	1	archeomatica	archeofoss	#archeofoss	stekosteko				
347265772428591000	https://twitter.com/Archeologi/status/347265772428591104	2013-06-19 08:13:06+00:00	Seconda giornata di #archeofoss a #Catania. Per il livetwitting vi suggeriamo di seguire @stekosteko e @zeridos89	it	0	Archeologi	archeofoss	#archeofoss	stekosteko				
347265826577064000	https://twitter.com/zeridos89/status/347265826577063936	2013-06-19 08:13:19+00:00	"Breve excursus storico ""I VFX nella storia del cinema"" #archeofoss"	it	0	zeridos89	archeofoss	#archeofoss					
347268245633503000	https://twitter.com/stekosteko/status/347268245633503232	2013-06-19 08:22:56+00:00	Effetti speciali ad #archeofoss: manca la corrente elettrica :) G. Gallo prosegue il tutorial	it	0	stekosteko	archeofoss	#archeofoss					
347272991241036000	https://twitter.com/OpenPompei/status/347272991241035776	2013-06-19 08:41:47+00:00	buongiorno da #archeofoss! vi ricordate che il 21 si chiude la call per entrare nella nostra long list di esperti? http://t.co/jLMXXCRZ8P	it	0	OpenPompei	archeofoss	#archeofoss		http://goo.gl/sW13d			
347274424480842000	https://twitter.com/zeridos89/status/347274424480841728	2013-06-19 08:47:29+00:00	Indicare dei punti di interesse in una ripresa video grazie al motion tracking di un singolo punto #archeofoss http://t.co/yynytiQoON	it	0	zeridos89	archeofoss	#archeofoss			https://pbs.twimg.com/media/BNHEP8dCQAAfCCE.jpg		
347283412245172000	https://twitter.com/stekosteko/status/347283412245172224	2013-06-19 09:23:12+00:00	F. Stanco presenta un esempio di digital epigraphy #archeofoss	it	0	stekosteko	archeofoss	#archeofoss					
347286933724086000	https://twitter.com/pr_archeologo/status/347286933724086273	2013-06-19 09:37:11+00:00	RT @OpenPompei: buongiorno da #archeofoss! vi ricordate che il 21 si chiude la call per entrare nella nostra long list di esperti? http://t…	it	1	pr_archeologo	archeofoss	#archeofoss	OpenPompei				
347287106252587000	https://twitter.com/pr_archeologo/status/347287106252587008	2013-06-19 09:37:53+00:00	RT @archeomatica: Anche oggi #Archeofoss! Seguite gli aggiornamenti tramite i tweet di @stekosteko e @g_gattiglia	it	1	pr_archeologo	Archeofoss	#archeofoss	archeomatica				
347289617390780000	https://twitter.com/FilippoStanco/status/347289617390780417	2013-06-19 09:47:51+00:00	"""@GioSkellington: Ad #archeofoss @FilippoStanco presenta l'analisi dell'epigrafe del Mendolito di Adrano. http://t.co/XAE1qyVKWG""grazie"	it	0	FilippoStanco	archeofoss	#archeofoss	GioSkellington		https://pbs.twimg.com/media/BNHPKpWCEAACrRq.jpg		
347290219466342000	https://twitter.com/pr_archeologo/status/347290219466342400	2013-06-19 09:50:15+00:00	"Seguendo il livetwitting di #archeofoss ci siamo imbattuti in questo video. Enjoy it! @_patsan_  @antoniafalcone 
http://t.co/jg16TAzlip"	it	2	pr_archeologo	archeofoss	#archeofoss	_patsan_	http://m.youtube.com/#/watch?v=Q9axmMfYFuM&feature=youtube_gdata_player&desktop_uri=%2Fwatch%3Fv%3DQ9axmMfYFuM%26feature%3Dyoutube_gdata_player			
347290388677140000	https://twitter.com/OpusPaulicium/status/347290388677140480	2013-06-19 09:50:55+00:00	"RT @pr_archeologo: Seguendo il livetwitting di #archeofoss ci siamo imbattuti in questo video. Enjoy it! @_patsan_  @antoniafalcone 
http:/…"	it	2	OpusPaulicium	archeofoss	#archeofoss	pr_archeologo				
347290848746172000	https://twitter.com/stekosteko/status/347290848746172416	2013-06-19 09:52:45+00:00	Paola Piani presenta un confronto tra strumenti proprietari e FOSS per modellazione di sito archeologico da immagini UAV #archeofoss	it	0	stekosteko	archeofoss	#archeofoss					
347292622617969000	https://twitter.com/stekosteko/status/347292622617968640	2013-06-19 09:59:48+00:00	Piani: fare confronti è difficile (hardware e parametri diversi) ma FOSS ha margini di miglioramento in usabilità, precisione #archeofoss	it	0	stekosteko	archeofoss	#archeofoss					
347294912938664000	https://twitter.com/stekosteko/status/347294912938663936	2013-06-19 10:08:54+00:00	Eliana Siotto su MeshLab e Blender per la ricostruzione della policromia nei monumenti antichi #archeofoss	it	0	stekosteko	archeofoss	#archeofoss					
347295921232560000	https://twitter.com/antoniafalcone/status/347295921232560128	2013-06-19 10:12:54+00:00	"RT @pr_archeologo: Seguendo il livetwitting di #archeofoss ci siamo imbattuti in questo video. Enjoy it! @_patsan_  @antoniafalcone 
http:/…"	it	2	antoniafalcone	archeofoss	#archeofoss	pr_archeologo				
347300188790084000	https://twitter.com/FilippoStanco/status/347300188790083584	2013-06-19 10:29:52+00:00	#archeofoss é in corso la sessione 3D...	it	1	FilippoStanco	archeofoss	#archeofoss					
347307850101555000	https://twitter.com/FilippoStanco/status/347307850101555200	2013-06-19 11:00:18+00:00	"""@stekosteko: F. Stanco presenta un esempio di digital epigraphy #archeofoss"""	it	0	FilippoStanco	archeofoss	#archeofoss	stekosteko				
347307989587358000	https://twitter.com/FilippoStanco/status/347307989587357696	2013-06-19 11:00:52+00:00	"""@stekosteko: Effetti speciali ad #archeofoss: manca la corrente elettrica :) G. Gallo prosegue il tutorial""bel momento di panico"	it	0	FilippoStanco	archeofoss	#archeofoss	stekosteko				
347337203338322000	https://twitter.com/PirroNord/status/347337203338321921	2013-06-19 12:56:57+00:00	Taung Project #openresearch at #archeofoss by L.Bezzi et al. http://t.co/0tGe3zHE76 Impress!	en	1	PirroNord	openresearch	#archeofoss		http://arc-team-open-research.blogspot.it/			
347338635437277000	https://twitter.com/Astracane/status/347338635437277184	2013-06-19 13:02:38+00:00	RT @stekosteko: Gallo mostra il bellissimo ”Tears of Steel” https://t.co/qyPseGKegN creato dalla @blender3d foundation #archeofoss	it	2	Astracane	archeofoss	#archeofoss	stekosteko	https://www.youtube.com/watch?v=R6MlUcmOul8			
347338672103883000	https://twitter.com/lad_unifg/status/347338672103882752	2013-06-19 13:02:47+00:00	#archeofoss nessuno twitta più?	it	0	lad_unifg	archeofoss	#archeofoss					
347342736694837000	https://twitter.com/Astracane/status/347342736694837249	2013-06-19 13:18:56+00:00	Tra i tweet del livetwitting di #archeofoss https://t.co/iDulOY1n0X! ♥	it	0	Astracane	archeofoss	#archeofoss		https://www.youtube.com/watch?feature=player_embedded&v=Q9axmMfYFuM#			
347349110212399000	https://twitter.com/FilippoStanco/status/347349110212399105	2013-06-19 13:44:15+00:00	#archeofoss granita time!	it	0	FilippoStanco	archeofoss	#archeofoss					
347350878333829000	https://twitter.com/FilippoStanco/status/347350878333829120	2013-06-19 13:51:17+00:00	#archeofoss a Catania senza la granita? non avremmo mai potuto! http://t.co/JY06vV6sWf	it	0	FilippoStanco	archeofoss	#archeofoss			https://pbs.twimg.com/media/BNIJyJPCAAEIShF.jpg		
347358083737063000	https://twitter.com/PirroNord/status/347358083737063424	2013-06-19 14:19:55+00:00	#archeofoss @stekosteko sulle schede iccd. nuove sperimentazioni per un vecchio problema	it	0	PirroNord	archeofoss	#archeofoss	stekosteko				
347360278918353000	https://twitter.com/PirroNord/status/347360278918352899	2013-06-19 14:28:38+00:00	#archeofoss dalla periferia @stekosteko scatena #django tra casse e reperti :-)	it	0	PirroNord	archeofoss	#archeofoss	stekosteko				
347371644639146000	https://twitter.com/PirroNord/status/347371644639145984	2013-06-19 15:13:48+00:00	barcamp time sul riuso dei dati #archeofoss	it	0	PirroNord	archeofoss	#archeofoss					
347391925936062000	https://twitter.com/zeridos89/status/347391925936062465	2013-06-19 16:34:24+00:00	Arriva la fine di #archeofoss, complimenti a @FilippoStanco e tutto il suo team http://t.co/TkZc43E5W1	it	1	zeridos89	archeofoss	#archeofoss	FilippoStanco		https://pbs.twimg.com/media/BNIvHbeCAAEA07M.jpg		
347393864958636000	https://twitter.com/stekosteko/status/347393864958636032	2013-06-19 16:42:06+00:00	#archeofoss 2013 finito Anno prossimo Verona o Alghero. Grazie a @filippostanco e G. Gallo per l'impegno di questi gg http://t.co/bT5xsLTEzQ	it	2	stekosteko	archeofoss	#archeofoss	FilippoStanco		https://pbs.twimg.com/media/BNIw4S6CcAMS07C.jpg		
347394165572768000	https://twitter.com/robertocosta_ge/status/347394165572767744	2013-06-19 16:43:18+00:00	RT @stekosteko: #archeofoss 2013 finito Anno prossimo Verona o Alghero. Grazie a @filippostanco e G. Gallo per l'impegno di questi gg http:…	it	2	robertocosta_ge	archeofoss	#archeofoss	stekosteko				
347394595006595000	https://twitter.com/FilippoStanco/status/347394595006595072	2013-06-19 16:45:00+00:00	RT @stekosteko: #archeofoss 2013 finito Anno prossimo Verona o Alghero. Grazie a @filippostanco e G. Gallo per l'impegno di questi gg http:…	it	2	FilippoStanco	archeofoss	#archeofoss	stekosteko				
347394685972652000	https://twitter.com/FilippoStanco/status/347394685972652033	2013-06-19 16:45:22+00:00	RT @zeridos89: Arriva la fine di #archeofoss, complimenti a @FilippoStanco e tutto il suo team http://t.co/TkZc43E5W1	it	1	FilippoStanco	archeofoss	#archeofoss	zeridos89		https://pbs.twimg.com/media/BNIvHbeCAAEA07M.jpg		
347406476136026000	https://twitter.com/ChiaraMangiante/status/347406476136026115	2013-06-19 17:32:13+00:00	RT @stekosteko: #archeofoss 2013 finito Anno prossimo Verona o Alghero. Grazie a @filippostanco e G. Gallo per l'impegno di questi gg http:…	it	4	ChiaraMangiante	archeofoss	#archeofoss	stekosteko				
347406970040504000	https://twitter.com/ChiaraMangiante/status/347406970040504320	2013-06-19 17:34:10+00:00	Grazie per il live twitting di #archeofoss	it	0	ChiaraMangiante	archeofoss	#archeofoss					
347409316644528000	https://twitter.com/FilippoStanco/status/347409316644528128	2013-06-19 17:43:30+00:00	"""@stekosteko: #archeofoss 2013 finito. Grazie a @filippostanco e G. Gallo per l'impegno di questi gg http://t.co/O5WhVS3Obh"" grazie a voi!"	it	0	FilippoStanco	archeofoss	#archeofoss	stekosteko		https://pbs.twimg.com/media/BNIw4S6CcAMS07C.jpg		
347409426132632000	https://twitter.com/FilippoStanco/status/347409426132631554	2013-06-19 17:43:56+00:00	"""@zeridos89: Arriva la fine di #archeofoss, complimenti a @FilippoStanco e tutto il suo team http://t.co/S32VWQeOb5"" grazie dieguccio"	it	0	FilippoStanco	archeofoss	#archeofoss	zeridos89		https://pbs.twimg.com/media/BNIvHbeCAAEA07M.jpg		
347410155111064000	https://twitter.com/PirroNord/status/347410155111063552	2013-06-19 17:46:50+00:00	RT @stekosteko: #archeofoss 2013 finito Anno prossimo Verona o Alghero. Grazie a @filippostanco e G. Gallo per l'impegno di questi gg http:…	it	4	PirroNord	archeofoss	#archeofoss	stekosteko				
347442151384297000	https://twitter.com/kia_z/status/347442151384297472	2013-06-19 19:53:58+00:00	catching up with #archeofoss and meanwhile enjoying also looking at #MusCake - these cakes are amazing!!!	en	0	kia_z	archeofoss	#archeofoss					
347455188900123000	https://twitter.com/OpenTechne/status/347455188900122625	2013-06-19 20:45:47+00:00	RT @stekosteko: #archeofoss 2013 finito Anno prossimo Verona o Alghero. Grazie a @filippostanco e G. Gallo per l'impegno di questi gg http:…	it	5	OpenTechne	archeofoss	#archeofoss	stekosteko				
347987613145256000	https://twitter.com/OpenPompei/status/347987613145255936	2013-06-21 08:01:26+00:00	noi di convegni e workshop su #archeologia e #opendata non ce ne perdiamo uno! Cronache da #archeofoss. http://t.co/RXFHCt4uw9	it	1	OpenPompei	archeologia	#archeofoss		http://openpompei.it/2013/06/21/archeofoss/			
347992706783519000	https://twitter.com/stekosteko/status/347992706783518720	2013-06-21 08:21:41+00:00	RT @OpenPompei: noi di convegni e workshop su #archeologia e #opendata non ce ne perdiamo uno! Cronache da #archeofoss. http://t.co/RXFHCt4…	it	1	stekosteko	archeologia	#archeofoss	OpenPompei				
